ML Model Name,Accuracy,AUC,Precision,Recall,F1,MCC
Logistic Regression,0.9294245385450597,0.9701956021604116,0.9209039548022598,0.8980716253443526,0.9093444909344491,0.8517614907503769
Decision Tree,0.9109663409337676,0.9077505257857165,0.8828337874659401,0.8925619834710744,0.8876712328767123,0.8139674214907683
KNN,0.9087947882736156,0.956599227860225,0.8929577464788733,0.8732782369146006,0.883008356545961,0.8084252216922375
Naive Bayes,0.8338762214983714,0.9449257975650939,0.7178423236514523,0.953168044077135,0.8189349112426035,0.6941136369901606
Random Forest (Ensemble),0.9457111834961998,0.9834587319924563,0.9510086455331412,0.9090909090909091,0.9295774647887324,0.8860398697669177
XGBoost (Ensemble),0.9446254071661238,0.9872577189292732,0.9333333333333333,0.9256198347107438,0.9294605809128631,0.8839060835775482
